<!DOCTYPE beans PUBLIC "-//SPRING//DTD BEAN 2.0//EN"
"http://www.springframework.org/dtd/spring-beans-2.0.dtd">
<beans>
	<bean id="dataSource1"	class="org.springframework.jdbc.datasource.DriverManagerDataSource">
		<property name="driverClassName" value="oracle.jdbc.driver.OracleDriver" />
		<property name="url"	value="jdbc:oracle:thin:@localhost:1521:XE" />
		<property name="username" value="ibm1" />
		<property name="password" value="ibm123" />
	</bean>
	
	<bean id="jdbcTemplate"
class="org.springframework.jdbc.core.JdbcTemplate" >
		<property name="dataSource" ref="dataSource1"></property>
	</bean>
	<bean id="employeeDAO" class="EmployeeDAOImpl">
		<property name="jdbcTemplate" ref="jdbcTemplate" />
	</bean>
</beans>